{
    "images": [{
        "key": "66661",
        "file": "images/COCO_train2014_000000291004.jpg"
    }, {
        "key": "78434",
        "file": "images/COCO_train2014_000000291206.jpg"
    }, {
        "key": "40609",
        "file": "images/COCO_train2014_000000291451.jpg"
    }, {
        "key": "20980",
        "file": "images/COCO_train2014_000000291596.jpg"
    }, {
        "key": "79904",
        "file": "images/COCO_train2014_000000291797.jpg"
    }, {
        "key": "61861",
        "file": "images/COCO_train2014_000000291009.jpg"
    }, {
        "key": "4791",
        "file": "images/COCO_train2014_000000291207.jpg"
    }, {
        "key": "51511",
        "file": "images/COCO_train2014_000000291466.jpg"
    }, {
        "key": "32470",
        "file": "images/COCO_train2014_000000291599.jpg"
    }, {
        "key": "34768",
        "file": "images/COCO_train2014_000000291822.jpg"
    }, {
        "key": "54253",
        "file": "images/COCO_train2014_000000291016.jpg"
    }, {
        "key": "78350",
        "file": "images/COCO_train2014_000000291214.jpg"
    }, {
        "key": "10155",
        "file": "images/COCO_train2014_000000291475.jpg"
    }, {
        "key": "30887",
        "file": "images/COCO_train2014_000000291603.jpg"
    }, {
        "key": "38717",
        "file": "images/COCO_train2014_000000291825.jpg"
    }, {
        "key": "45216",
        "file": "images/COCO_train2014_000000291018.jpg"
    }, {
        "key": "57592",
        "file": "images/COCO_train2014_000000291236.jpg"
    }, {
        "key": "20970",
        "file": "images/COCO_train2014_000000291476.jpg"
    }, {
        "key": "60051",
        "file": "images/COCO_train2014_000000291614.jpg"
    }, {
        "key": "1539",
        "file": "images/COCO_train2014_000000291827.jpg"
    }, {
        "key": "44874",
        "file": "images/COCO_train2014_000000291019.jpg"
    }, {
        "key": "42317",
        "file": "images/COCO_train2014_000000291260.jpg"
    }, {
        "key": "72739",
        "file": "images/COCO_train2014_000000291477.jpg"
    }, {
        "key": "23335",
        "file": "images/COCO_train2014_000000291622.jpg"
    }, {
        "key": "4889",
        "file": "images/COCO_train2014_000000291839.jpg"
    }, {
        "key": "17859",
        "file": "images/COCO_train2014_000000291039.jpg"
    }, {
        "key": "13502",
        "file": "images/COCO_train2014_000000291262.jpg"
    }, {
        "key": "13098",
        "file": "images/COCO_train2014_000000291478.jpg"
    }, {
        "key": "9679",
        "file": "images/COCO_train2014_000000291625.jpg"
    }, {
        "key": "13609",
        "file": "images/COCO_train2014_000000291841.jpg"
    }, {
        "key": "1132",
        "file": "images/COCO_train2014_000000291056.jpg"
    }, {
        "key": "66980",
        "file": "images/COCO_train2014_000000291269.jpg"
    }, {
        "key": "62430",
        "file": "images/COCO_train2014_000000291484.jpg"
    }, {
        "key": "62765",
        "file": "images/COCO_train2014_000000291630.jpg"
    }, {
        "key": "42237",
        "file": "images/COCO_train2014_000000291854.jpg"
    }, {
        "key": "43058",
        "file": "images/COCO_train2014_000000291059.jpg"
    }, {
        "key": "49152",
        "file": "images/COCO_train2014_000000291280.jpg"
    }, {
        "key": "39634",
        "file": "images/COCO_train2014_000000291493.jpg"
    }, {
        "key": "36219",
        "file": "images/COCO_train2014_000000291658.jpg"
    }, {
        "key": "75050",
        "file": "images/COCO_train2014_000000291855.jpg"
    }, {
        "key": "28150",
        "file": "images/COCO_train2014_000000291066.jpg"
    }, {
        "key": "45094",
        "file": "images/COCO_train2014_000000291285.jpg"
    }, {
        "key": "62291",
        "file": "images/COCO_train2014_000000291497.jpg"
    }, {
        "key": "43438",
        "file": "images/COCO_train2014_000000291665.jpg"
    }, {
        "key": "2815",
        "file": "images/COCO_train2014_000000291865.jpg"
    }, {
        "key": "15531",
        "file": "images/COCO_train2014_000000291072.jpg"
    }, {
        "key": "24588",
        "file": "images/COCO_train2014_000000291290.jpg"
    }, {
        "key": "29467",
        "file": "images/COCO_train2014_000000291498.jpg"
    }, {
        "key": "70222",
        "file": "images/COCO_train2014_000000291669.jpg"
    }, {
        "key": "60722",
        "file": "images/COCO_train2014_000000291868.jpg"
    }, {
        "key": "48818",
        "file": "images/COCO_train2014_000000291091.jpg"
    }, {
        "key": "31681",
        "file": "images/COCO_train2014_000000291319.jpg"
    }, {
        "key": "63160",
        "file": "images/COCO_train2014_000000291499.jpg"
    }, {
        "key": "26168",
        "file": "images/COCO_train2014_000000291677.jpg"
    }, {
        "key": "14943",
        "file": "images/COCO_train2014_000000291873.jpg"
    }, {
        "key": "39864",
        "file": "images/COCO_train2014_000000291098.jpg"
    }, {
        "key": "49546",
        "file": "images/COCO_train2014_000000291320.jpg"
    }, {
        "key": "71557",
        "file": "images/COCO_train2014_000000291501.jpg"
    }, {
        "key": "66877",
        "file": "images/COCO_train2014_000000291683.jpg"
    }, {
        "key": "9074",
        "file": "images/COCO_train2014_000000291889.jpg"
    }, {
        "key": "22277",
        "file": "images/COCO_train2014_000000291102.jpg"
    }, {
        "key": "30394",
        "file": "images/COCO_train2014_000000291321.jpg"
    }, {
        "key": "9031",
        "file": "images/COCO_train2014_000000291503.jpg"
    }, {
        "key": "51575",
        "file": "images/COCO_train2014_000000291687.jpg"
    }, {
        "key": "65612",
        "file": "images/COCO_train2014_000000291894.jpg"
    }, {
        "key": "1839",
        "file": "images/COCO_train2014_000000291107.jpg"
    }, {
        "key": "40376",
        "file": "images/COCO_train2014_000000291333.jpg"
    }, {
        "key": "62913",
        "file": "images/COCO_train2014_000000291504.jpg"
    }, {
        "key": "60718",
        "file": "images/COCO_train2014_000000291702.jpg"
    }, {
        "key": "26960",
        "file": "images/COCO_train2014_000000291897.jpg"
    }, {
        "key": "17258",
        "file": "images/COCO_train2014_000000291114.jpg"
    }, {
        "key": "28635",
        "file": "images/COCO_train2014_000000291345.jpg"
    }, {
        "key": "18762",
        "file": "images/COCO_train2014_000000291506.jpg"
    }, {
        "key": "74945",
        "file": "images/COCO_train2014_000000291717.jpg"
    }, {
        "key": "32725",
        "file": "images/COCO_train2014_000000291898.jpg"
    }, {
        "key": "24403",
        "file": "images/COCO_train2014_000000291117.jpg"
    }, {
        "key": "7362",
        "file": "images/COCO_train2014_000000291347.jpg"
    }, {
        "key": "69684",
        "file": "images/COCO_train2014_000000291518.jpg"
    }, {
        "key": "17779",
        "file": "images/COCO_train2014_000000291725.jpg"
    }, {
        "key": "13310",
        "file": "images/COCO_train2014_000000291911.jpg"
    }, {
        "key": "79672",
        "file": "images/COCO_train2014_000000291126.jpg"
    }, {
        "key": "55886",
        "file": "images/COCO_train2014_000000291348.jpg"
    }, {
        "key": "68522",
        "file": "images/COCO_train2014_000000291526.jpg"
    }, {
        "key": "68805",
        "file": "images/COCO_train2014_000000291752.jpg"
    }, {
        "key": "16886",
        "file": "images/COCO_train2014_000000291915.jpg"
    }, {
        "key": "28492",
        "file": "images/COCO_train2014_000000291140.jpg"
    }, {
        "key": "74739",
        "file": "images/COCO_train2014_000000291349.jpg"
    }, {
        "key": "49285",
        "file": "images/COCO_train2014_000000291527.jpg"
    }, {
        "key": "66623",
        "file": "images/COCO_train2014_000000291755.jpg"
    }, {
        "key": "48194",
        "file": "images/COCO_train2014_000000291918.jpg"
    }, {
        "key": "80921",
        "file": "images/COCO_train2014_000000291141.jpg"
    }, {
        "key": "40932",
        "file": "images/COCO_train2014_000000291355.jpg"
    }, {
        "key": "25296",
        "file": "images/COCO_train2014_000000291540.jpg"
    }, {
        "key": "75598",
        "file": "images/COCO_train2014_000000291760.jpg"
    }, {
        "key": "78875",
        "file": "images/COCO_train2014_000000291921.jpg"
    }, {
        "key": "32321",
        "file": "images/COCO_train2014_000000291149.jpg"
    }, {
        "key": "73770",
        "file": "images/COCO_train2014_000000291366.jpg"
    }, {
        "key": "21120",
        "file": "images/COCO_train2014_000000291550.jpg"
    }, {
        "key": "46413",
        "file": "images/COCO_train2014_000000291764.jpg"
    }, {
        "key": "67330",
        "file": "images/COCO_train2014_000000291947.jpg"
    }, {
        "key": "79031",
        "file": "images/COCO_train2014_000000291158.jpg"
    }, {
        "key": "20195",
        "file": "images/COCO_train2014_000000291373.jpg"
    }, {
        "key": "79732",
        "file": "images/COCO_train2014_000000291557.jpg"
    }, {
        "key": "12787",
        "file": "images/COCO_train2014_000000291767.jpg"
    }, {
        "key": "38313",
        "file": "images/COCO_train2014_000000291973.jpg"
    }, {
        "key": "55562",
        "file": "images/COCO_train2014_000000291165.jpg"
    }, {
        "key": "69470",
        "file": "images/COCO_train2014_000000291390.jpg"
    }, {
        "key": "61536",
        "file": "images/COCO_train2014_000000291560.jpg"
    }, {
        "key": "31176",
        "file": "images/COCO_train2014_000000291770.jpg"
    }, {
        "key": "75143",
        "file": "images/COCO_train2014_000000291980.jpg"
    }, {
        "key": "76765",
        "file": "images/COCO_train2014_000000291182.jpg"
    }, {
        "key": "56600",
        "file": "images/COCO_train2014_000000291402.jpg"
    }, {
        "key": "3233",
        "file": "images/COCO_train2014_000000291574.jpg"
    }, {
        "key": "80218",
        "file": "images/COCO_train2014_000000291773.jpg"
    }, {
        "key": "68800",
        "file": "images/COCO_train2014_000000291189.jpg"
    }, {
        "key": "49168",
        "file": "images/COCO_train2014_000000291410.jpg"
    }, {
        "key": "6222",
        "file": "images/COCO_train2014_000000291586.jpg"
    }, {
        "key": "64827",
        "file": "images/COCO_train2014_000000291780.jpg"
    }, {
        "key": "19938",
        "file": "images/COCO_train2014_000000291194.jpg"
    }, {
        "key": "19937",
        "file": "images/COCO_train2014_000000291417.jpg"
    }, {
        "key": "23022",
        "file": "images/COCO_train2014_000000291587.jpg"
    }, {
        "key": "39923",
        "file": "images/COCO_train2014_000000291786.jpg"
    }, {
        "key": "40701",
        "file": "images/COCO_train2014_000000291201.jpg"
    }, {
        "key": "36895",
        "file": "images/COCO_train2014_000000291438.jpg"
    }, {
        "key": "40488",
        "file": "images/COCO_train2014_000000291592.jpg"
    }, {
        "key": "23153",
        "file": "images/COCO_train2014_000000291788.jpg"
    }]
}
